article,Como aconteceu a prática,Foi utilizada metodologia ativa,Quais metodologias ativas ou tendência de inovação foi utilizada?,,,,Quais recursos digitais/analógicos ou dispositivos tecnológicos foram utilizados?,Qual área do conhecimento matemático o trabalho explorou?,,,,,Que foi a etapa de ensino?,,,Em qual país aconteceu a experiência?,Qual espaço aconteceu a prática STEAM?,,
Social steam learning at an early age with robotic platforms: A case study in four schools in Spain,"As intervenções nos centros educacionais foram implementadas utilizando o kit KIBO robô 18. Cada escola adquiriu 1 a 4 unidades deste robô educacional, que foram então usados ​​em grupos de 4 a 15 alunos. Esse Kit é projetado para crianças de 4 a 7 anos e permite a programação tangível sem um computador e sem a necessidade de compreensão de leitura. As crianças fazem programas por meio da concatenação de cubos de madeira, cada um representando uma instrução e com pictogramas marcados com códigos de barras nas faces. Posteriormente, as crianças leem a sequência de instruções com o leitor de código de barras no corpo do robô e KIBO atua de acordo com as instruções fornecidas. KIBO também permite a incorporação de vários tipos de sensores (luz, som e distância) e atuadores (motores e lâmpada). É tangível a linguagem de programação oferece suporte a parâmetros, loops e condições.",True,Robótica,,,,não se aplica,Geometria,,,,,Ensino Fundamental,,,Espanha,Sala de Aula Convencional,,
Project iSWEST: Promoting a culture of innovation in Africa through STEM,"O projeto se deu por meio de práticas de programação orientada a objetos em que 27 alunos durante 3 semanas. Resolveram problemas relativos ao contexto da economia agrícola de Gana. Dividiu-se em três fases, com uma semana em cada. Primeiro ensinando os alunos a codificaram e o básico de eletrônica com arduino, na segunda organizado a parte de gerenciamento e planejamento para a resolução dos problemas. Por ultimo, deveriam apresentar as soluções na terceira semana.",True,Aprendizagem Baseada em Projetos,Pensamento Computacional,Robótica,,"Arduino, Slack, Trello e MockingBot.",zNão se Aplica,,,,,Ensino Médio,,,Gana.,Sala de Aula Convencional,zOutros,
"An instructional framework, model lessons, and professional learning program for science standards-aligned computing in 4th-12th grade classrooms","Os estudantes utilizam o Scratch para experimentação do conteúdo e criação de hipóteses, a partir de modelos já produzidos dentro da ferramenta. Os modelos servem para que ele visualize de forma clara fenômenos científicos.",True,zOutros,,,,Scratch,zOutros,,,,,Ensino Fundamental,,,Estados Unidos da América.,Laboratório de Informática,,
Active learning via problem-based collaborative games in a large mathematics university course in Hong Kong,"Os estudantes realizaram um curso, onde as duas primeiras semanas eram de palestras sobre determinados temas matemáticos (estatística, probabilidade e cálculo diferencial), foram formados 6 grupos diferentes para assistir as palestras, onde foi utilizado aprendizagem ativa e aprendizagem por jogos para resolver questões de matemática. Porém, trata STEAM como área.",True,Ensino Híbrido,m-Learning (Dispositivos Móveis),zOutros,,Kahoot,Estatística,Probabilidade,zOutros,,,Ensino Superior,,,Hong Kong,Sala de Aula Convencional,,
Children's engineering design thinking processes: The magic of the ROBOTS and the power of BLOCKS (electronics),"Os pesquisadores utilizaram o kit de robótica em blocos littleBits para que crianças da educação infantil, com 17 brincadeiras realizadas de forma em que os alunos se voluntariaram a participar, ocorrendo uma vez por semana durante duas horas, sendo feita em pares. As crianças deveriam pesquisar e investigar soluções para suas brincadeiras. Dessa forma, os alunos passam desenvolver a criatividade, o senso de investigação, colaboração entre alunos, pensamento crítico e a habilidade de resolver problemas de forma lúdica.",True,Aprendizagem Baseada em Projetos,Designer Thinking,Robótica,,littleBits.,zNão se Aplica,,,,,Educação Infantil,,,Austrália.,Sala de Aula Convencional,,
Authentic science experiences with STEM datasets: post-secondary results and potential gender influences,"O teste foi feito com alunos do ensino superior na perspectiva de astronomia, em que os alunos deveriam fazer três procedimentos que são manipulação e processamento de dados, analise de dados e visualização dos dados com a ajuda da planilha do Google para essas tarefas. Utilizando a abordagem STEAM como meio a atingir melhores resultados na coleta de dados de forma ativa.",True,zNão se Aplica,,,,"Computador, Internet, Planilha do Google.",zNão se Aplica,,,,,Ensino Superior,,,Estados Unidos da América.,Sala de Aula Convencional,,
Probability learning in mathematics using augmented reality: impact on student’s learning gains and attitudes,"Os estudantes utilizaram recursos de realidade em uma série de matemática aulas sobre probabilidades em uma escola secundária. 
Os alunos realizaram três aplicativos: no primeiro apareciam dados que eram lançados pelos alunos e o objetivo era fazer mais pontos que os colegas, auxiliando o estudante a sentir a probabilidade de modo real. O segundo aplicativo foi projetado para a lição “Espaço de amostra”. Esse aplicativo treina os alunos a se familiarizarem com espaços de amostra de eventos de probabilidade igualmente prováveis. Nesta aplicação, os alunos foram divididos em grupos de dois, e cada grupo utilizou um computador tablet. Havia quatro tipos de papel projetados para a aplicação, denominados moedas, dados, cartas e bolas. Cada um dos artigos representava um evento de probabilidade igualmente provável. Os alunos eram convidados a discutir o espaço de amostra do evento de probabilidade dado no papel com seus colegas de equipe antes de verificar os resultados nos tablets. Além dis",True,m-Learning (Dispositivos Móveis),Realidade Aumentada,,,Celular e Tablet,Probabilidade,,,,,Ensino Fundamental,,,Estados Unido da América.,Sala de Aula Convencional,,
HOME I/O: a virtual house for control and STEM education from middle schools to Universities,"Foi criada uma casa virtual chamada HOME I / O. Este software é muito mais um jogo sério do que uma simulação. É o resultado de um projeto de I&D de 3 anos “DOMUS” (2011-2014) parcialmente fundado pelo Ministério da Educação Nacional francês, entre o CReSTIC lab da Universidade de Reims Champagne-Ardenne e a Real Games, uma empresa portuguesa. A ideia é trazer uma casa virtual para a sala de aula, utilizável desde escolas de ensino médio até universidades, adaptada para alunos (geração Y) e professores e adequada para controle e educação STEM. O HOME I / O foi projetado com a aplicação de uma abordagem sistêmica de educação.",True,Pensamento Computacional,,,,Não foram citados os recursos,zNão se Aplica,,,,,Ensino Superior,,,Portugal,Online/Virtual,,
Promoting sustainability in university classrooms using a STEM project with mathematical modeling,"Se deu em 6 sessões. A primeira foi introdutória com o intuito de falar sobre a quarta revolução industrial e entender o processo de modelagem matemática. Nas sessões seguintes, utilizaram-se cadeias de Markov em dados de mobilidade de renda, para prever o futuro. Os alunos, em grupos, pesquisaram, coletaram, organizaram e analisaram dados. Os grupos compararam os resultados entre si.",True,,,,,Planilhas eletrônicas.,Álgebra,Estatística,,,,Ensino Superior,,,Coreia do Sul,Sala de Aula Convencional,zOutros,
"Industry-based, transdisciplinary, complex problems as realistic settings for applying the M in STEM","O projeto de matemática aplicada e computacional girou em torno das águas subterrâneas em Queensland, Austrália, e as preocupações contínuas de salinidade resultantes da irrigação excessiva e condições de seca. Os grupos foram obrigados a desenvolver um computador modelo para descrever o fluxo de água subterrânea em um aquífero costeiro e usá-lo para fornecer gerenciamento e aconselhamento aos agricultores. Coincidentemente, o projeto de ciência da decisão também estava relacionado à água, no entanto o foco específico aqui era o fornecimento de água para comunidades fora da rede hídrica em tempos de escassez natural de água. Os grupos foram obrigados a realizar uma análise de modelagem de operações, incluindo o desenvolvimento de um modelo de simulação de eventos discretos, para determinar combinações de tamanhos de frota de caminhões, processos de carregamento e equipamentos para atender diariamente demandas de água.",True,Aprendizagem Baseada em Projetos,,,,Computador,zNão se Aplica,,,,,Ensino Superior,,,Austrália,Sala de Aula Convencional,,
Informed designers? students' reflections on their engineering design process,"Os alunos nesse estudo participaram de unidades de integração STEM baseadas em projeto de engenharia que exigiam o uso de cadernos de engenharia como uma ferramenta para capturar o pensamento da engenharia, decisões de projeto e compreensão dos conceitos de ciências e matemática. Para avaliar o trabalho dos alunos em notebooks de engenharia, viu-se aspectos de como eles pensam sobre design de engenharia e o que eles fazem durante o processo.",True,Aprendizagem Baseada em Projetos,,,,Notebook,zNão se Aplica,,,,,Ensino Fundamental,,,Estados Unidos da América.,Sala de Aula Convencional,,
Instilling low carbon awareness through technology-enhanced cooperative problem based learning,"Na primeira fase, os alunos realizaram a reformulação do problema e a identificação do problema para analisar o problema e relacioná-lo com o seu conhecimento anterior, identificaram as informações necessárias e questões de aprendizagem. Nesta fase, o aluno discute o ambiente atual, questões mentais, analisa informações, avalia os esforços na Malásia e compara com outras nações ao redor do mundo. O estágio 2 exigia que os alunos fossem proativos para alcançar um aprendizado profundo, bem como para integrar as questões de aprendizagem com a atual situação de aluguel. No estágio 3, os alunos devem se comunicar e justificar a solução dada por meio de forma oral ou escrita. Os alunos devem ser capazes de analisar variações em solução e concluir sua melhor abordagem para resolver o problema.",True,Aprendizagem Baseada em Projetos,,,,"Whatsapp, Telegram, Projetor, celular.",zNão se Aplica,,,,,Ensino Fundamental,,,Malásia,Sala de Aula Convencional,,
"Instructional materials for optical matter based on STEM-CP (Science, Technology, Engineering, Mathematics-Contextual Problem) to increase student critical thinking skills in high school","Trinta e três alunos em uma classe de amostra receberam um pré-teste sobre a matéria ótica para medir o nível de habilidades de pensamento crítico do aluno na compreensão inicial. Depois disso, os alunos foram orientados pela professora estudando matéria ótica a partir de materiais didáticos baseados no STEM-CP. As cinco partes do material didático óptico baseado no STEM-CP são integradas entre si. São fornecidos problemas contextuais intencionalmente neste material de ensino para que os alunos possam mais facilmente entender o problema dado. O problema óptico no problema contextual vem do ambiente dos alunos sobre se muitos alunos já tiveram o problema. O material óptico na parte de ciências explica sobre conceito de reflexão e refração da luz, que é a base para a resolução do problema contextual. A discussão de reflexão e refração da luz é equipada com exemplos de aplicação e prática de prova de conceito. O material ótico na parte de tecnologia explica sobre o uso da ótica na vida, c",True,Aprendizagem Baseada em Projetos,,,,Não se aplica,Aritmética,,,,,Ensino Médio,,,Indonésia,Sala de Aula Convencional,,
Instructional strategies and course design for teaching statistics online: perspectives from online students,"O curso de estatística online foi um curso introdutório de pesquisa quantitativa que cobriu conceitos estatísticos comuns e com foco na aplicação de conceitos de pesquisa educacional para alunos de pós-graduação em tecnologia educacional. O curso não tinha reuniões presenciais e foi hospedado no Moodle. O curso foi dividido em sete módulos em torno de sete tópicos. Cada módulo, exceto o primeiro durou mais de 1 semana, permitindo tempo suficiente para os alunos concluírem cada módulo. As estratégias adotadas no curso online incluíram um fórum de discussão de linha, demonstrações em vídeo de estatísticas, testes e procedimentos em SPSS, estudos de caso de artigos de pesquisa, miniprojetos, reflexões de aprendizagem e outras atribuições do módulo. O fórum de discussão online foi especificamente criado para discutir o conteúdo do curso, perguntas relacionadas usando o recurso de fórum padrão em Moodle.",True,zNão se Aplica,,,,Computador,Estatística,,,,,Ensino Superior,,,Estados Unidos da América.,Online/Virtual,,
Preservice teachers’ beliefs in a mathematics/science course,Os alunos tinham que resolver problemas mal estruturados que são fornecidos pelo instrutor sem uma estratégia ou solução.,True,Realidade Aumentada,,,,"Gelo seco, lâmpadas de iluminação  e  eletroímãs.",Álgebra,Probabilidade,,,,Ensino Fundamental,,,Estados Unidos da América.,Sala de Aula Convencional,,
Move your mind: Creative dancing humanoids as support to STEAM activities,"Introdução da arte em processos de ensino de disciplinas STEM. O objetivo é explorar os movimentos corporais e a dança na definição do
atividades de aprendizagem uma vez que é possível obter várias conexões com STEM conceitos.",True,Aprendizagem Baseada em Projetos,Pensamento Computacional,Realidade Aumentada,Robótica,robô humanóide,Álgebra,Números,,,,Educação de Jovens e Adultos,,,"Itália, Inglaterra, Espanha, Alemanha.",Sala de Aula Convencional,,
Mathematics education for indigenous students in preparation for engineering and information technologies,Implementação e avaliação de uma Oficina de Matemática para alunos indígenas.,True,Pensamento Computacional,,,,Computador.,Álgebra,Números,,,,Ensino Superior,,,Califórnia,Sala de Aula Convencional,,
Mathematical modelling with hands-on experimental tasks: On the student’s sense of credibility,Os alunos trabalharam com eficiência com materiais físicos e obtiveram um protótipo físico que serve de trampolim para a construção e aplicação de um modelo matemático.,True,Aprendizagem Baseada em Projetos,Pensamento Computacional,Realidade Aumentada,,Tinta colorida personalizada.,Álgebra,Números,,,,Ensino Fundamental,,,Portugal,Sala de Aula Convencional,,
Making in schools: student learning through an e-textiles curriculum,"Os alunos foram convidados a definir um GEMMA, uma variável, um booleano, declaração condicional, entrada, saída e curto-circuito;
explicar a quais circuitos precisam se conectar (aterramento) e o que pode ser usado para conectar um circuito (por exemplo, tinta condutora, tecido condutor, fios); identificar declarações condicionais e a partir de uma lista de possíveis tipos de instrução  de amostra identificar uma saída de um lista de tipos possíveis.",True,,,,,Questionários.,Álgebra,,,,,"Ensino Fundamental, Ensino Médio",,,Canadá,Sala de Aula Convencional,,
Maker-based STEAM education with Scratch tools,"Através da educação Maker, os alunos aprimoram seus conhecimentos e habilidades STEAM.",True,Aprendizagem Baseada em Projetos,Pensamento Computacional,Realidade Aumentada,,ferramentas Scratch.,Álgebra,,,,,Educação de Jovens e Adultos,,,China,Sala de Aula Convencional,,
Low-cost wearable human-computer interface with conductive fabric for STEAM education,"Usar habilidades básicas de artesanato para fabricar uma interface de computador humano vestível de disponível comercialmente
materiais.",True,Pensamento Computacional,,,,Computador.,Números,Probabilidade,,,,"Ensino Fundamental, Ensino Médio",,,Estados Unidos da América.,Sala de Aula Convencional,,
The use of ICT in teaching geometry in primary school,"Uso de realidade aumentada para explorar conceitos de geometria, especialmente, sólidos.",True,m-Learning (Dispositivos Móveis),Realidade Aumentada,,,"Realidade Aumentada, vídeos, figuras sólidas tridimensionais.",Geometria,,,,,Ensino Fundamental,,,Grécia,Sala de Aula Convencional,,
The impact of the use of STEM education approach on the blended learning to improve student's critical thinking skills,Experiência baseada em Aprendizagem STEM a partir do Ensino Híbrido para explorar conceitos de Física por alunos de uma escola rural com ênfase no desenvolvimento do pensamento crítico.,True,Ensino Híbrido,,,,App Schoology,zNão se Aplica,,,,,Ensino Médio,,,Indonésia,Online/Virtual,Sala de Aula Convencional,
The impact of a stem inquiry game learning scenario on computational thinking and computer self-confidence,Prática pedagógica baseada na investigação pela abordagem STEM usando pensamento computacional e gamificação com alunos de Educação Infantil (níveis 5 e 6).,True,Pensamento Computacional,zOutros,,,Placa controladora (Arduíno); software S4A,Aritmética,Geometria,Grandezas e Medidas,Números,zOutros,Educação Infantil,,,Grécia,Sala de Aula Convencional,,
The effectiveness of using 3D printing technology in STEM project-based learning activities,Atividades de Aprendizagem Baseadas em Projetos na área de STEM com foco em modelagem por meio de impressão 3D com alunos de Ensino Médio.,True,Aprendizagem Baseada em Projetos,Cultura Maker,,,"Impressora 3D,",zNão se Aplica,,,,,Ensino Médio,,,Taiwan (China),Laboratório de Informática,Maker Space,
The effectiveness of problem based learning assisted by cabri 3D on student's mathematical communication writing and drawing skills,Prática de Aprendizagem Baseada em Problemas (PBL) com suporte do software educativo Cabri 3D para o desenvolvimento de habilidades de escrita de comunicação matemática.,True,Aprendizagem Baseada em Projetos,,,,Cabri 3D (software educativo),Geometria,Grandezas e Medidas,,,,Ensino Fundamental,,,Indonésia,Laboratório de Informática,Sala de Aula Convencional,
"The effect of science, technology, engineering, and mathematics (STEM) on students' creative thinking skills","A prática STEM usada para comparar a aprendizagem frente a uma turma com prática tradicional não é citada, apesar de indicar que a primeira teve mais ganhos que a segunda.",True,Aprendizagem Baseada em Projetos,,,,"Não são citados, visto que a prática experimental realizada não é descrita.",zNão se Aplica,,,,,Ensino Médio,,,Indonésia,Sala de Aula Convencional,,
The effect of programming on primary school students’ mathematical and scientific understanding: educational use of mBot,Projeto com robótica e programação visual para a compreensão dos elementos de lógica e matemática para alunos do 6o Ano do Ensino Fundamental.,True,Pensamento Computacional,Robótica,,,"Scratch, mBot e mBlock",Álgebra,Aritmética,Números,zOutros,,Ensino Fundamental,,,Espanha,Sala de Aula Convencional,,
The diorama project: Development of a tangible medium to foster STEAM education using storytelling and electronics,"O projeto desenvolve workshops transdisciplinares para que alunos produzam peças de teatro manipuladas e representadas com elementos de robótica educacional, utilizando placas e sucata, em que os alunos projetam, produzem e executam. Participaram, dos diferentes workshops, crianças entre 10 e 13 anos.",True,Aprendizagem Baseada em Projetos,Cultura Maker,Pensamento Computacional,Robótica,"Microduino e mCookie (Microduino Studio), Blocky4Arduino, laptop, papelão e materiais recicláveis (tangíveis).  Livretos de instruções para cada atividade; microfone para a atividade de gravação de som; Módulos Microduino mCookie; peças de construção para montar o mini-teatro.",zNão se Aplica,,,,,Ensino Fundamental,,,Bélgica,Maker Space,Sala de Aula Convencional,
Learning while designing in a fourth-grade integrated STEM problem,Experiências de modelagem com dados de longo prazo.,True,Designer Thinking,Realidade Aumentada,,,Materiais de uso próprio.,Álgebra,Aritmética,Números,,,Educação de Jovens e Adultos,,,Australia,Sala de Aula Convencional,,
The development of chemistry students' 21 century skills through a STEAM project on electrolyte and non-electrolyte solutions,Aprendizagem baseada em projetos que explorou conceitos da Química. Os alunos do 10o Ano (1o ano do Ensino Médio) criaram um miniatura de circuito usando fontes de solução de eletrólitos naturais e elaboraram cartazes e vídeos para exposição dos projetos.,True,Aprendizagem Baseada em Projetos,Cultura Maker,,,"Robótica (LEDs), ferramentas para produção de vídeos e cartazes.",zNão se Aplica,,,,,Ensino Médio,,,Indonésia,Sala de Aula Convencional,,
Integrating stem in an engineering design process: The learning experience of rural secondary school students in an outreach challenge program,"Um total de 89 alunos realizaram um programa de dez horas que os envolveu na concepção e construção de três protótipos diferentes também respondendo a questões de pensamento de ordem superior. Foi solicitado aos alunos considerar as restrições de materiais e tempo, identificar o problema, pensar sobre o que eles já sabem, projetar, planejar, construir, testar e avaliar o protótipo de seu design, após isso, foram feitas perguntas Hots sobre as práticas STEM.",True,Aprendizagem Baseada em Projetos,,,,não se aplica,zOutros,,,,,Ensino Médio,,,Malásia,Sala de Aula Convencional,,
Knew me and new me: Facilitating student identity exploration and learning through game integration,Através de Jogos Digitais e vídeos Expositivos.,True,Pensamento Computacional,Realidade Aumentada,,,"Computador, videos.",Álgebra,Estatística,,,,Educação de Jovens e Adultos,,,Estados Unidos da América.,Sala de Aula Convencional,,
The ASCCR Frame for Learning Essential Collaboration Skills,"Apresenta uma proposta de metodologia ativa para atuar com Estatística e Ciência de Dados. Denominado Quadro ASCCR (Atitute, Estrutura, Conteúdo, Comunicação e Relacionamento). O componente de Estrutura se baseia na metodologia POWER (Preparação, Abertura, Trabalho, Fim e Reflexão) para reuniões sobre Estatística e Ciência de Dados.",True,zOutros,,,,Não cita nenhum de forma explícita.,Estatística,Probabilidade,,,,"Ensino Extra Curricular (Não-Formal),,Ensino Superior,Estados Unidos da América.,Sala de Aula Convencional,zOutros,
Using a makerspace approach to engage Indonesian primary students with STEM,"Foi feita análise de um projeto chamado Wiggle Bots, este projeto visa fazer com que os
estudantes empreguem suas habilidades e conhecimentos de tecnologia e ciência para criar um 'bot',",True,Cultura Maker,,,,"Materiais de baixo custo, arduíno,",zNão se Aplica,,,,,Ensino Extra Curricular (Não-Formal),,,Indonésia.,,,
Integration of STEM approach in teaching science to Indonesian islamic boarding school students (Malaysian pre-service teachers' experience),"Professores estagiários da Malásia abordaram alguns conteúdos de ciência, ligados ao tema meio ambiente, utilizando a abordagem STEM com alunos da escola Islâmica, eles viram maneiras de gerenciar resíduos de materiais, utilizaram de ferramentas educacionais(quebra-cabeças) nas atividades de ensino e aprendizagem, e invenção de novos produtos de materiais residuais, como papel, garrafas, latas e caixas usados, além disso, fizeram uso de tecnologia e de materiais de águas residuais em ferramentas de ensino (mapa mental gigante usando jornal). Após isso, fez-se uma entrevista para entender que efeito essa abordagem teve nos alunos e também foi dado questionários aos estudantes para que pudesse ser analisado o processo de ensino-aprendizagem.",True,zOutros,,,,"Projetor, quadro branco interativo",zNão se Aplica,,,,,Ensino Médio,,,Indonésia,Sala de Aula Convencional,,
Use of bungee jumping with stem approach to improve science process skills,"Os alunos criam projetos, depois os alunos são orientados a fazer bungee jumping com objetivo de auxiliar de ensino ou aprendizagem
utilizando a abordagem STEM para o conteúdo das equações de linha reta.. O processo de
fabricação do bungee jumping passar por várias etapas que incluem a etapa de planejamento, o
fase de implementação, a fase de redação do relatório e a fase de apresentação.",True,Aprendizagem Baseada em Projetos,Pensamento Computacional,Robótica,,"Cordas, cama elástica, EPI.",Álgebra,Probabilidade,,,,Ensino Médio,,,Indonésia,Laboratório de Informática,,
Tree robot: An innovation for STEAM education,Um robô de árvore é criado como um instrumento para ajudar os alunos a alcançar as habilidades de aprendizado do século XXI .,True,Aprendizagem Baseada em Projetos,Cultura Maker,Pensamento Computacional,Robótica,"Lego, unidades de comunicação, sensores, micro computador, celular.",Aritmética,Geometria,,,,Ensino Extra Curricular (Não-Formal),,,Cambodja,zOutros,,
Infusing Humanities in STEM Education: Student Opinions of Disciplinary Connections in an Introductory Chemistry Course,"Em um curso online de química pretendeu-se adicionar humanidade a educação STEM. Com o objetivo de infundir pequenas integrações no curso online, uma equipe multidisciplinar colaborou nas modificações para o curso que não impactou nas avaliações, design das tarefas, ou conteúdo principal. Foram adicionados títulos de módulos STEM humanísticos, citações de cientistas filósofos, vídeos de alquimia para incitar discussão, vídeos sobre a matemática usada na química, incitar mudanças de discussão para incluir perspectivas de tecnologia e vídeos sobre aplicações interdisciplinares de conteúdo específico de engenharia química.",True,zNão se Aplica,,,,não se aplica,zNão se Aplica,,,,,Ensino Superior,,,Estados Unidos da América.,Online/Virtual,,
A hybrid and flipped version of an introductory mathematics course for higher education,"Para a dinâmica, foi selecionado alunos de duas turmas de curso introdutório de matemática, em que deveriam ver vídeos e matérias dos MOOCs com metodologias de sala de aula invertida e ensino híbrido. Sendo realizado em 14 sessões semanais, consistindo em cerca de 3 à 4 horas de estudo em cada pela plataforma, aulas de 80 minutos, 4 dias por semana. Desenvolvidas individualmente e com colaboração. Passando autonomia para os alunos, mostrando que atividades não formais como a educação STEAM pode melhorar com metodologias ativas, deixando os alunos mais engajados com o auxílio das tecnologias digitais.",True,Ensino Híbrido,Sala de Aula Invertida,,,"Vídeos, Massive Open Online Courses (MOOCs) e Plataforma Coursera.",Álgebra,Aritmética,Geometria,,,Ensino Superior,,,México.,Online/Virtual,Sala de Aula Convencional,
A Collaborative STEM Project with Educational Mobile Robot on Escaping the Maze: Prototype Design and Evaluation,"A prática ocorreu em um workshop de 2 à 3 semanas, sendo preparados para sal de sulas regulares de ensino médio ou universidades. Sendo produzido em colaboração com grupos de até 4 alunos, tinha que desenvolver uma forma do robô identificar a saída do labirinto, sendo dividido em duas sessões feitas de 3 à 4 horas em cada uma delas. Usando a aprendizagem com a metodologia ativa STEAM, dando base para a matemática integrada a física para abordar tópicos como distância e velocidade.",True,Aprendizagem Baseada em Projetos,Robótica,zOutros,,Kit robô educacional móvel.,Grandezas e Medidas,,,,,"Ensino Médio, Ensino Superior",,,Tailândia.,Sala de Aula Convencional,,
3D printing of police whistles for STEM education,"Para a metodologia, foi usada a impressora 3D como fonte de ensino para a modalidade STEAM. Em que os alunos do ensino médio deveriam produzir um apito com um efeito musical adequado, e para isso, deveriam desenvolver habilidades matemáticas, engenharia e física. Tendo como base a geometria, usando comprimento, largura e raio para a adaptação dos apitos.",True,zOutros,,,,"Impressora 3D, RepRap, CAD 3D e Audacity.",Geometria,,,,,Ensino Médio,,,Japão.,zOutros,,
Engagement in practice: Co-creation process in higher education contexts to innovate in pre-calculus curriculum,"Foi implementado ao currículo de pré-calculo o uso da robótica como metodologia ativa para alunos do ensino superior desenvolverem o nível de aprendizagem matemática com o auxilio da STEAM, com um conjunto de dez guias para a resolução de problemas reais, promovendo o aumento da motivação do estudantes e a criação de habilidades.",True,Aprendizagem Baseada em Projetos,Robótica,,,LEGO.,Álgebra,Trigonometria,,,,Ensino Superior,,,Colômbia.,Sala de Aula Convencional,,
Enacting stem education for digital age learners: The maker movement goes to school,"A pesquisa foi feita para demonstrar a implementação de makerspaces e como a cultura maker associada ao STEAM promovem a integração de metodologias ativas para alunos de ensino fundamental e médio. Um espaço para promover a criatividade e outras habilidades, e uma forma de desenvolver o crescimento tecnológico.",True,Aprendizagem Baseada em Projetos,Cultura Maker,,,Nenhum recurso/dispositivo encontrado (Apenas citados no caso do makerspace).,zNão se Aplica,,,,,"Ensino Fundamental, Ensino Médio",,,Estados Unidos da América.,Maker Space,,
Effects of robot for teaching geometry to fourth graders,"O experimento ocorreu com alunos do quarto ano, em que foram divididos entre três tipos de grupos durante três semanas de estudos. Um dos grupos tiveram aulas com a metodologia de Robótica, através do software MicroMundos. Estudando formas geométricas no computador. Estimulado o interesse nas aulas de matemática, por meio da abordagem ativa STEAM.",True,Robótica,,,,"Computador, MicroMundos, DGS.",Geometria,,,,,Ensino Fundamental,,,Coreia do Sul.,Sala de Aula Convencional,,
Hands-on Learning in STEM: Revisiting Educational Robotics as a Learning Style Precursor,"A pratica tem como base o uso da robótica no ensino aprendizagem STEAM, dividido em cinco estágios de uma oficina para que com essa metodologia ativa estimule o pensamento critico dos alunos e os tornem capazes de resolver problemas, tendo o fundamento construcionista de Papert e raízes teóricas de Piaget e Vygotsky como o insight. Mostrando a implementação da robótica em um ambiente educacional.",True,Aprendizagem Baseada em Projetos,Robótica,,,Lego Mindstorm.,zNão se Aplica,,,,,zNão se Aplica,,,Indonésia.,zOutros,,
Hands-On Games for Motivating Students' Math Training,"O experimento foi realizado com alunos do ensino superior dos cursos de matemática aplicada, informática aplicada, engenharia elétrica, sistemas e tecnologias da informação. Com o intuito de mostrar que os jogos digitais trazem engajamento para os alunos estudarem e desenvolverem matematicamente. Usando como base a solução de problemas.",True,Aprendizagem Baseada em Projetos,,,,Jogos digitais.,Estatística,zOutros,,,,Ensino Superior,,,Rússia.,Sala de Aula Convencional,,
The application of digital fabrication technologies to the art and design curriculum in a teacher preparation program: a case study,Uma experiência na formação inicial de professores da Educação Básica sobre fabricação digital. Os cursistas tiveram um momento para fabricar artefatos 2D e 3D  a partir de 2 miniprojetos. As práticas tinham um momento de apropriação do conteúdo sobre design e o segundo de fabricação a partir de uma das técnicas apropriadas.,True,Cultura Maker,,,,"Cortadora laser, Impressora 3D, Photoshop, Ilustrator, 2D CAD, TinkerCAD e 123D Design",zNão se Aplica,,,,,Ensino Superior,,,Hong Kong,,,
Tech-Savvy Girls: Learning 21st-Century Skills Through STEAM Digital Artmaking,"Foram desenvolvidos três práticas desenvolvidas por professores diferentes com objetivos de desenvolver colaborativamente artes digitais (animações e jogos digitais) a partir de storytellings, com alunas dos anos finais do Ensino Fundamental. As práticas foram denominadas My Avatar Movie, My Avatar e Games 4 Girls e tinha como meta o desenvolvimento de habilidades do século 21, destacamemente o pensamento crítico.",True,Cultura Maker,Pensamento Computacional,zOutros,,"Computadores e softwares para produção de imagens digitais e games. Adobe Flash e OpenSim para as animações, incluindo, 3D e GameMarker e OpenSim para os jogos digitais.",zNão se Aplica,,,,,Ensino Fundamental,,,Estados Unidos da América.,Laboratório de Informática,,
Improving the Students Computational Thinking Skills with Collaborative Learning Techniques,"No primeiro estudo de caso os alunos concluíram as atividades de aprendizagem apoiado pelo Moodle-G como parte do curso de matemática. Por um lado, o instrutor utilizou a plataforma Moodle-G para adicionar o material educacional e para avaliar os exercícios realizados. Por outro lado, os alunos podiam consultar as entregas e as atividades roteirizadas pelo instrutor. Além disso, eles realizaram as atividades de geometria em uma plataforma. Essas atividades consistem em exercícios práticos sobre a construção de sólidos geométricos. Dois tipos de exercícios foram realizados pelos alunos: i) assistindo e selecionando; e ii) elaboração e análise de sólidos. O primeiro tipo de exercícios promoveu os alunos do CT habilidades para visualizar e analisar figuras. E o segundo tipo promoveu a análise de figuras. Além disso, os alunos podem usar a interação social apoiada por Moodle-G. No segundo estudo de caso, eles realizaram os mesmos exercícios realizados pelos alunos do primeiro caso e as mes",True,Pensamento Computacional,,,,Não deixa claro,Geometria,,,,,Ensino Fundamental,,,Colômbia,Sala de Aula Convencional,,
Implementation of STEAM Education to Improve Mastery Concept,"Através do projeto Água e nós foi implementado a abordagem STEAM. A aplicação da ciência é aplicada quando explicado o fenômeno natural da água. A aplicação da tecnologia é feita quando os alunos aplicam um produto de tecnologia que usa uma ferramenta simples para medir a precipitação. A aplicação da engenharia está concluída quando os alunos fazem um design de produto para lidar com a poluição da água. Implementação da arte é usada para explicar o fenômeno da água, incluindo elementos como escrita ou desenho e instilar consciência da importância da água para a vida. A aplicação da matemática é aplicada para medir chuva e para projetar uma máscara segura e óculos de proteção usados ​​durante a estação seca.",True,Aprendizagem Baseada em Projetos,,,,Não ficou claro no artigo,Grandezas e Medidas,,,,,Ensino Médio,,,Indonésia,Sala de Aula Convencional,,
Impact of the web application for the educational process on the compound interest considering data science,"Os alunos desenharam e construíram um Aplicativo Web para o Processo Educacional em Juros compostos (WAEPCI), depois eles fizeram a simulação de dados de Juros Compostos e Montante Composto em WAEPCI para o ano 1, 2, 3 e 4, após isso, foi analisado o impacto da WAEPCI no processo de ensino-aprendizagem.",True,zOutros,,,,Computador,Álgebra,,,,,Ensino Superior,,,México,Laboratório de Informática,,
Exploring the use of reverse engineering as a means to introduce engineering to middle school students,"O estudo tenha como base atrair alunos para a área de engenharia, usando a STEAM como meio a está dinâmica. A metodologia usada foi de engenharia reversa, onde os alunos tenha que imaginar aparelhos já pronto e reinventá-los de sua maneira. Fazendo uma prática e apresentação em pares com alunos do ensino fundamental e médio.",True,zOutros,,,,Eletrodomésticos e equipamentos manuais (Broca entre outros).,zNão se Aplica,,,,,"Ensino Fundamental, Ensino Médio",,,Estados Unidos da América.,Sala de Aula Convencional,,
Do after-school robotics programs expand the pipeline into STEM majors in college?,É estudado o impacto do oferecimento de ensino de robótica a jovens no horário após a escola na carreira de estudantes que posteriormente se voltararam ao campo do STEM na faculdade. O projeto é oferecido pela organização FIRST.,True,Robótica,,,,Robótica.,zNão se Aplica,,,,,"Ensino Fundamental, Ensino Médio",,,Estados Unidos da América.,Laboratório de Informática,,
Development of course modules for multidisciplinary STEM education,"O trabalho relata a criação e disseminação de módulos que demonstram como a teoria da matemática e da engenharia possibilitam aplicativos modernos, como aqueles embutidos em dispositivos sem fio.",True,Pensamento Computacional,,,,"computadores, smarthphones, Fourier e MP3, iPhone e spectra e sensores.",zNão se Aplica,,,,,Ensino Superior,,,Estados Unidos da América.,Laboratório de Informática,Sala de Aula Convencional,
"Developing spatial mathematical skills through 3D tools: augmented reality, virtual environments and 3D printing","Professores utilizaram ferramentas 3D para melhora das habilidades espaciais de alunos de cálculo de múltiplas variáveis, além disso, as ferramentas foram utilizadas para solução de problemas do mundo real.",True,Realidade Aumentada,,,,"Realidade aumentada (ARC: augmented reality in calculus), ambientes virtuais(AVRAM) e impressão 3D (Impressoras DeltaBot, CubePro e LuzBot 3D)",Álgebra,Geometria,,,,Ensino Superior,,,México,Laboratório de Matemática,,
How to flip the classroom in school students’ mathematics learning: bridging in- and out-of-class activities via innovative strategies,"Na primeira fase, antes de iniciar um tópico que seria estudado, os alunos tinham um contato inicial com o conteúdo através de vídeos enviados pelo professor, que continuava dando suporte através de Whatsapp. Em seguida, o professor ajudou os alunos a diagnosticar e corrigir equívocos encontrados em suas aprendizagem fora da classe, então os alunos foram apresentados a uma tarefa de resolução de problemas com um nível de dificuldade maior do que na pré-aula, e fizeram planos para resolver os problemas. Depois, os alunos implementaram seus planos para gerar descobertas relacionadas à investigação do problema. Finalmente, na última atividade, os alunos justificaram e apresentaram suas descobertas e refletiram sobre o que aprenderam no processo.",True,Sala de Aula Invertida,,,,Foram usados celulares e computadores.,Geometria,,,,,Ensino Fundamental,,,Hong Kong,Sala de Aula Convencional,zOutros,
Designing the Game: How a Project-Based Media Production Program Approaches STEAM Career Readiness for Underrepresented Young Adults,"É relatada a implementação do programa chamado Digital Pathways, o projeto oferece a jovens 180 horas de contato com atividades na área de tecnologia da informação, esses passam 10 meses em cursos de áreas como Engenharia de Áudio, Produção de Vídeo, Animação 3D e Jogos ou Desenvolvimento de Software de Código Aberto trabalhando em projetos independentes de longo prazo.",True,Aprendizagem Baseada em Projetos,Pensamento Computacional,,,"Computadores, consoles de videogame e dispositivos móveis.",zNão se Aplica,,,,,Ensino Médio,,,Estados Unidos da América.,zOutros,,
Exploring STEM Pedagogy in the Mathematics Classroom: a Tool-Based Experiment Lesson on Estimation,"Se deu por aulas, executadas em 5 aulas em diferentes turmas. Onde os alunos tinham que usar a Estimação na sala de aula durante a dinâmica, com quantidades variadas e objetos dentro de locais com formas geométricas diferentes. Depois do primeiro passo, eram levados para o laboratório de Ciência para efetuar o experimento de Estimativa. Concretizando a metodologia de Aprendizagem Baseada em Investigação junto com a Pedagogia Baseada em Ferramentas.",True,zOutros,,,,"iPad, Gravações.",Estatística,,,,,Ensino Médio,,,China.,Laboratório de Ciências (Bio/Fis/Qui),Sala de Aula Convencional,
Examining the Effects of STEM PBL on Students' Divergent Thinking Attitudes Related to Creative Problem Solving,"Durante 2 semanas, alunos do ensino médio passou por um curso para desenvolverem a criatividade, com habilidades em Resolução de Problemas Criativos. Com base de metodologias mais construtivistas. Alguns alunos tenham o paralelo de ingressar em outros cursos como o de Impressora 3D, Microcontroladores, Criptografia, Energia Solar Renovável,  entre outros.",True,Aprendizagem Baseada em Projetos,zOutros,,,Nenhum.,zNão se Aplica,,,,,Ensino Médio,,,Estados Unidos da América.,,,
Computer Programming With Pre-K Through First-Grade Students With Intellectual Disabilities,Crianças com Deficiência Intelectual participaram de um projeto de ensino de programação utilizando robótica.,True,Pensamento Computacional,Robótica,,,"Dash Robot, Blockly.",zOutros,,,,,Educação Infantil,,,Estados Unidos da América.,zOutros,,
Cognitive correlates of computational thinking: Evaluation of a blended unplugged/Plugged-in course,Os estudantes participaram de um curso de treinamento em Pensamento Computacional de dez semanas que levou alunos de práticas de não digitais (hands-on como board-games) para práticas cada vez mais abstratas de programação.,True,Pensamento Computacional,zOutros,,,"Computadores, Scratch, Arduino e Open Roberta Lab",zNão se Aplica,,,,,Ensino Fundamental,,,Alemanha,Laboratório de Informática,zOutros,
Enhancing Grade 10 Students' Achievement and the 21st Century Learning Skills by Using Information Based on STEM Education,"Com o usos de mídias das TIC, mesclando o ensino de Matemática, Ciência e Tecnologia, com auxílio de multimídias para pesquisa e aprendizado com decorrência dos planos de aula dos professores, para estimular um melhor desempenho dos alunos.",True,Aprendizagem Baseada em Projetos,,,,"Aplicativos, Páginas Web, Internet e e-books.",zNão se Aplica,,,,,Ensino Médio,,,Tailândia.,Sala de Aula Convencional,,
"Engineering Play, Mathematics, and Spatial Skills in Children with and without Disabilities","Este estudo usa como base o aprendizado através de jogos/brincadeiras de engenharia, seguindo uma padrão Sócio-construtivista de Piaget. O experimento aconteceu no período de três meses e meio, com a estimativa de 15 minutos a cada brincadeira, onde as crianças eram levadas a construir coisas com os blocos sem interferência dos pesquisadores. Mas como a brincadeira deveria fluir naturalmente, o tempo do jogo variava entre 14 a 21 minutos em média. As habilidades Matemáticas eram desenvolvidas em dias alternados das Espaciais, tendo a duração de 20 minutos, para diagnosticar a evolução nessas competências desde a infância.",True,zOutros,,,,Jogo com base em Blocos de Madeira.,Geometria,,,,,Educação Infantil,,,Estados Unidos da América.,Sala de Aula Convencional,,
Elementary school students learn arduino programming to assemble sensory-controlled works,"A escolha para a pesquisa selecionou turmas do 5º e 6º Ano do Ensino Fundamental para trabalharam com a programação de Arduino, e com isso, poderem manipular dois projetos divididos entre as faixas escolares. Para a formação dos alunos foi desenvolvido por professores de diferentes áreas, com os campos da tecnologia, ciências e matemática, sendo separado em três módulos com pares de aulas em cada, durante dois meses. No primeiro momento foi ensina a programação em blocos Scratch, para assim, partirem para a programação em bloco no Arduino com uma IDE na plataforma ArduBlock no Windows, e em seguida, desenvolvem os projetos.",True,Aprendizagem Baseada em Projetos,Robótica,,,Scratch; Arduino (Programação em Blocos e Placas) ; e Computador.,Grandezas e Medidas,,,,,Ensino Fundamental,,,Taiwan.,Laboratório de Informática,,
Toward a second screen peer discussion derivative,Fora do escopo. O projeto relata o uso de uma plataforma de perguntas e respostas online para a discussão de tópicos acadêmicos.,True,zOutros,,,,Espécie de fórum de perguntas e respostas online.,zNão se Aplica,,,,,Ensino Superior,,,Alemanha,zOutros,,
Integration of computational thinking skills in STEM-driven computer science education,"O trabalho relata dois casos de estudo que utilizam STEM para educação em ciência da computação, o primeiro relata o uso de sensores ultrassônicos que ensinam tópicos de física e ciência da computação em uma metodologia que usa CB LO",True,Aprendizagem Baseada em Projetos,Pensamento Computacional,Robótica,,"LEGO NXT, Unity, CodeBloc e RobotC, sensores, CB LO e GLO.",zNão se Aplica,,,,,"Ensino Extra Curricular (Não-Formal),,Ensino Médio,Lituânia,Sala de Aula Convencional,zOutros,
"Robotics and STEM learning: students’ achievements in assignments according to the P3 Task Taxonomy—practice, problem solving, and projects","A prática aconteceu de acordo com a taxonomia de tarefas P3 que consiste em primeiro ""prática"", que é quando os alunos fazem a tarefa e depois podem verificar a resposta certa, segundo ""resolução de problemas"" quando os alunos podem usar diferentes métodos de solução em uma tarefa e terceiro ""projetos"" que são tarefas mais desafiadoras e os próprios problemas estão em aberto. Na primeira parte do curso, os alunos aprenderam assuntos básicos como: estrutura do robô; software de programação; conversão de energia elétrica-mecânica (motor-gerador); a conexão entre o diâmetro da roda D, o número de rotações da roda pela distância que um robô se move no chão; e calcular a velocidade de um robô. Na segunda parte do curso, os alunos lidaram com questões mais avançadas, como por exemplo, usar sensores para controlar um robô. Na última parte do curso, os alunos trabalharam em pequenos grupos em um projeto final que a professora apresentou: traçar um caminho complexo no chão. Os estudantes poderi",True,Aprendizagem Baseada em Projetos,Robótica,,,não se aplica,Grandezas e Medidas,,,,,Ensino Fundamental,,,Israel,Laboratório de Ciências (Bio/Fis/Qui),,
Maker movement influence on students’ learning motivation and learning achievement – A learning style perspective,"A atividade foi desenvolvida durante 8 semanas, com um total de 16 horas. Com um pré-teste na primeira semana com o intuito de nivelar a classe, na segunda semana foi destinado a compreensão dos dispositivos utilizados, da terceira a sétima semana foi utilizado para a atividades e na última semana foi aplicado o pós-teste. Não descreveu as práticas e dispositivos utilizados. Apenas que usou a cultura maker com base no STEAM para utilizar uma metodologia ativa com os alunos para avaliar o desempenho comparado a outras formas.",True,Cultura Maker,,,,N/A,zNão se Aplica,,,,,Ensino Fundamental,,,Taiwan.,zOutros,,
STEM teaching for the internet of things maker course: A teaching model based on the iterative loop,"É apontado um modelo de ensino de acrônimo PGDCIDE (Propose, Guide, Design, Comment, Implement, Display and Evaluate), o qual utiliza os quatro elementos da STEM, com foco em práticas da IoT. A duração é de 32 horas-aula, com o objetivo de desenvolver um sistema de identificação de animais domésticos, utilizando Python e Arduino e desenvolvendo um aplicativo para android.",True,Cultura Maker,m-Learning (Dispositivos Móveis),Pensamento Computacional,,"Smartphone, Raspberry Pi, LEDs RGB",Aritmética,zOutros,,,,Ensino Médio,,,China,Laboratório de Informática,Maker Space,Sala de Aula Convencional
Investigating the Impact of an Immersive Computer-based Math Game on the Learning Process of Undergraduate Students,Jogo educativo  na Introdução ao Módulo de matemática,True,Pensamento Computacional,Sala de Aula Invertida,,,Computador.,Álgebra,Estatística,Números,,,Educação de Jovens e Adultos,,,Irlanda,Online/Virtual,,
Crumble Day to introduce robotics,"É relatado a experiência do workshop, Crumble Day, o Crumble foi usado como uma ferramenta educacional de robótica como primeiro passo para entrar no mundo da robótica.Participantes eram divididos em grupo de cinco, três tinham entre 10 e 15 anos,um  tinha entre 26 e 45 anos e um com idade superior a 45 anos que já havia participado do workshop. O workshop tinha duração de 4 horas e foi dividido em três partes: introdução à robótica, introdução ao Crumble e resolução de problemas.",True,Cultura Maker,Pensamento Computacional,Robótica,,Crumble kit de robótica.,zOutros,,,,,Ensino Extra Curricular (Não-Formal),,,Espanha,zOutros,,
Playful STEAM Learning Using Robots,Experiência  de imersão tecnológica,True,Robótica,,,,"O microcontrolador Arduino, telefone celular aplicativo através de um módulo Bluetooth, impressora",zOutros,,,,,Educação Infantil,,,Índia,Laboratório de Informática,,
Virtual Reality and Statistical Thinking Enhancement,"Os estudantes de graduação na Instituto de Tecnologia de Monterrey e Superior Educação usam realidade virtual e numérica além de métodos de simulação para melhorar os processos de uma indústria. O estudante enfrenta o desafio de resolver um problema do processo, que é apresentado em uma primeira etapa como um Vídeo 3D.",True,Aprendizagem Baseada em Projetos,Pensamento Computacional,Realidade Aumentada,,Computador,Estatística,,,,,Ensino Superior,,,México.,,,
Practical application of robotics competition for STEM education,Competição de submarinos robóticos. A competição exige que os alunos projetem e construam um robô submarino para navegar de forma autônoma por uma série de tarefas que imitam a pesquisa em andamento em sistemas robóticos.,True,Robótica,,,,,Probabilidade,,,,,Ensino Superior,,,Estados Unidos da América.,zOutros,,
"Educing AI-thinking in science, technology, engineering, arts, and mathematics (STEAM) education","O artigo busca apresentar a possibilidade de uso de IA em na educação STEAM. Para isso, o trabalho apresenta o uso de IA na análise de dados. Fora do escopo.",True,Pensamento Computacional,,,,"Computadores, IAs, linguagens de programação.",zNão se Aplica,,,,,zNão se Aplica,,,Não se aplica (Singapura),zOutros,,
Formulating Refreshment Drink Activity Utilizing STEM Education for Grade 8 Learners,"Integrando diferentes disciplinas como Química, Biologia, Física e Geografia ligadas as disciplinas e conceitos STEAM. Os alunos desenvolveram atividades com base em problemáticas em relação a estação do ano e o que acarreta tais mudanças, pesquisar soluções com base em entrevistas para desenvolver o melhor rendimento em questão de pontuação de um produto.",True,,,,,Fablab.,Estatística,Probabilidade,,,,Ensino Fundamental,,,Tailândia.,Aula de Campo,Sala de Aula Convencional,
How to Apply Technology in STEM Education Activities,"Foi realizado um curso de introdução ao arduino para professores. No curso, primeiro o professor realizou a introdução esclarecendo seus objetivos, depois instruiu sobre a programação em arduíno, em seguida, pede para que professores e alunos demonstrem o que aprenderam",True,Aprendizagem Baseada em Projetos,zOutros,,,Arduino,zNão se Aplica,,,,,zOutros,,,Tailândia,Sala de Aula Convencional,,
Students' Applying STEM Knowledge in Learning on the STS-STEM Education Wave Learning Unit,"Durante a disciplina de física, os alunos foram desafiados a transformar a energia das ondas em eletricidade, projetando e pensando em soluções para esse problema.",True,Aprendizagem Baseada em Projetos,,,,Maternais reciclados,zOutros,,,,,Ensino Fundamental,,,Tailândia,Laboratório de Ciências (Bio/Fis/Qui),Pátio/Quadra de Esportes,
From'Use' to 'Choose': Scaffolding CT Curricula and Exploring Student Choices while Programming (Practical Report),"A atividade foi desenvolvida em 4 dias com programação baseado em blocos nas aulas feitas com Pensamento Computacional para que os alunos pudessem aprender a usar esse nível de programação com auxilio de extensões e com isso, se desenvolver ao ponto de modificar tais códigos, elevando o seu nível de programação.",True,Pensamento Computacional,,,,Programação baseado em blocos.,zNão se Aplica,,,,,Ensino Fundamental,,,Estados Unidos da América.,Sala de Aula Convencional,,
"Effect of Mobile Augmented Reality on Learning Performance, Motivation, and Math Anxiety in a Math Course",Os alunos usam o HP Reveal para criar imagens 3d de objetos que irão estudar em geometria ou álgebra. A pesquisa indica que a utilização de práticas com realidade aumentada reduz a ansiedade dos alunos com relação a Matemática,True,m-Learning (Dispositivos Móveis),Realidade Aumentada,,,"Celular, livros",Álgebra,Geometria,,,,Ensino Fundamental,,,Taiwan,Sala de Aula Convencional,,
Using think alouds and digital powerups to embed computational thinking concepts while in-service teachers reflect on a math solution design project,Os autores apresentaram a noção de conceitos de Pensamento Computacional como um reflexo de resolução de problemas e duas estratégias associadas (pensar em voz alta e powerups digital). O autor explica como aprofundar a compreensão dos professores em serviço por meio da abordagem sócio-construtivista em uma formação de professores em exercício de 14 semanas. Esses professores são estudantes de uma pós-graduação e a atividade consistiu em um módulo de uma disciplina.,True,Designer Thinking,Pensamento Computacional,,,"Computador, Smartphone",Álgebra,zOutros,,,,Ensino Superior,,,Estados Unidos da América.,Sala de Aula Convencional,,
The Effects of Robotics Training on Children’s Spatial Ability and Attitude Toward STEM,Uso de robótica educacional para explorar habilidade espaciais de crianças entre 5 e 12 anos.,True,Robótica,,,,"Lego, Kits Dream e Robotis;",Aritmética,Geometria,Grandezas e Medidas,Números,,Ensino Fundamental,,,Turquia,Sala de Aula Convencional,,
Enhancing student communication competencies in STEM using virtual global collaboration project based learning,"O experimento se deu por via online, virtualmente. Pelo período de três semanas os alunos foram estimulados a participarem com alunos de outros países com a abordagem de práticas de Aprendizado Baseado em Projetos, desenvolvendo assim a colaboração e comunicação em grupo.",True,Aprendizagem Baseada em Projetos,,,,"Computador, Internet e Canvas.",zNão se Aplica,,,,,Ensino Fundamental,,,Estados Unidos da América.,Online/Virtual,,
A Novel Education Program Using Autonomous Ground Vehicles to Develop STEM Skills,"O programa é focado nos desafios MIT ZR e MIT BWSI, onde são formadas equipes que serão treinadas por meio de gamificação e sala de aula invertida, depois das etapas de escolha dos participar, eles vão ser direcionados a resolver problemas reais, os estudantes devem ter e desenvolver habilidades para resolver esses problemas, o foco está na programação para esses desafios do MIT.",True,Aprendizagem Baseada em Projetos,Robótica,Sala de Aula Invertida,,Softwares para Programação erm geral e Programação de robôs.,zOutros,,,,,"Ensino Médio, Ensino Superior",,,México,Laboratório de Informática,Maker Space,Online/Virtual
Investigating the effectiveness of STEAM education on students’ conceptual understanding of force and energy topics,"Prática com Educação STEAM, usando Design Criativo, sobre o conceitos de Força e Energia com alunos das 7ª série.",True,Cultura Maker,zOutros,,,"Material reciclável (seringas, palitos, plástico).",zNão se Aplica,,,,,Ensino Fundamental,,,Turquia,Sala de Aula Convencional,,
Effect of design thinking approach on students’ achievement in some selected physics concepts in the context of STEM learning,O estudo relata os efeitos do uso do design thinking no ensino da disciplina de física em um projeto de educação STEM executado como forma  de ensino fora da escola. O ensino ocorreu durante doze semanas nas quais foram abordados temas da disciplina de física.,True,Designer Thinking,,,,Não se aplica.,zNão se Aplica,,,,,Ensino Extra Curricular (Não-Formal),,,Nigéria,Sala de Aula Convencional,,
Educational Tool and Active-Learning Class Activity for Teaching Agglomerative Hierarchical Clustering,"A prática foi utilizada no ensino de cálculo de múltiplas variáveis. Na prática foi utilizado um ""kit de aprendizagem"" que consiste em um quadro de avisos quadrado e alfinetes de cores variadas, os alfinetes pontos em um plano de coordenadas bidimensional, onde a cor de cada ponto indica sua participação em um determinado agrupamento. Com uso de ferramentas, conteúdos matemáticos são trabalhados.",True,Sala de Aula Invertida,,,,Não se Aplica.,Álgebra,Geometria,,,,Ensino Superior,,,Estados Unidos da América.,Sala de Aula Convencional,,
Evaluating a game-development approach to teach introductory programming concepts in secondary education,"A abordagem se baseava na Aprendizagem Baseada em Jogos, onde os alunos aprendiam a programar e criar seus próprios jogos, desde o design até partes mais complexas como a programação. Dividindo em quatro módulos com tempo de 2 semanas cada, levando os alunos a desenvolverem cada módulos em até 4 horas de dedicação.",True,Pensamento Computacional,zOutros,,,"App Inventor, Dispositivos Móveis (Smartphones, Tablets e Notebooks/Laptops), Computador  e Jogos Digitais.",zNão se Aplica,,,,,Ensino Médio,,,Grécia.,Laboratório de Informática,Sala de Aula Convencional,
Arts and crafts robots or LEGO® MINDSTORMS robots? A comparative study in educational robotics,"A prática ocorreu com estudantes do ensino médio, onde primeiro os estudantes construíram robôs do zero utilizando matérias reciclados e depois materiais estruturais.",True,Aprendizagem Baseada em Projetos,Cultura Maker,Robótica,,"Materiais reciclados, Robôs,",zOutros,,,,,Ensino Médio,,,Itália,Maker Space,,
Informal STEM: learning with robotics and game design in an urban context,"Os alunos participaram de 20 horas de robótica e 20 horas de design de jogos para um total de 40 horas de contato. Os professores administraram pesquisas de auto eficácia e atitude dos alunos antes de envolvê-los em robótica/design do jogo e novamente no final do programa. Durante a robótica, os alunos seguiram protocolos básicos para fazer um bot (por exemplo, bot de cinco minutos) que realizava tarefas simples, os alunos foram capazes de se envolverem em uma série de tarefas robóticas, como usar um braço robótico para empurrar uma bola em um copo ou para bater em um objeto. Os alunos usaram o Scalable Game Design (SDG) para desenvolver jogos digitais exclusivos, depois de criar os agentes, planilhas e testar os parâmetros do jogo, os alunos adicionaram recursos adicionais para aumentar o nível de dificuldade e sofisticação do jogo.",True,Pensamento Computacional,Robótica,,,"iPads, laptops",Estatística,Grandezas e Medidas,,,,Ensino Fundamental,,,Estados Unidos da América.,zOutros,,
IBBME discovery: Biomedical engineering-based iterative learning in a high school STEM curriculum (Evaluation),"No interesse de facilitar a aprendizagem iterativa baseada em dados e o pensamento crítico, o Discovery está estruturado para imitar um curso de design típico de engenharia, onde equipes de pesquisa de alunos trabalham com um cliente para propor uma solução para um problema. Pequenos grupos de alunos trabalham juntos para abordar através de uma disciplina específica(biologia, química ou física), uma proposta sobre um tema comum, que culmina em um simpósio final no IBBME.",True,Aprendizagem Baseada em Projetos,zOutros,,,Não utilizaram,zNão se Aplica,,,,,Ensino Médio,,,Canadá,Laboratório de Ciências (Bio/Fis/Qui),,
Knowledge Construction in Computer Science and Engineering when Learning Through Making,"projetação e investigação de  aprendizagem colaborativa e baseada em problemas em STEM
fornecendo detalhes da metodologia de pesquisa baseada em design, atividades de aprendizagem e a análise dos resultados.",True,Designer Thinking,Ensino Híbrido,Pensamento Computacional,Realidade Aumentada,"Internet, ferramentas IoT TEL, computador",Álgebra,zOutros,,,,Ensino Médio,,,Londres,Laboratório de Informática,Sala de Aula Convencional,
"Robotics camps, clubs, and competitions: Results from a US robotics project","A Universidade de Nebraska-Lincoln passou oito anos desenvolvendo e implementando um programa de robótica educacional abrangente para jovens de 9 a 14 anos. O programa foi entregue em ambientes de aprendizagem informais (fora da escola) por meio de campos de robótica, clubes e competições e proporcionou experiências de robótica para mais de 5.000 jovens e 400 educadores. São aproximadamente 40 horas de instrução envolvendo a construção, criação e programação de robôs usando o LEGO Mindstorms NXT plataforma de robótica. O formato das atividades envolve um breve apresentação introdutória por um educador informal seguida por atividades práticas apoiadas por planilhas estruturadas.",True,Robótica,,,,não se aplica,zNão se Aplica,,,,,zOutros,,,Estados Unidos da América.,zOutros,,
Assessing the impact of a multi-disciplinary peer- led-team learning program on undergraduate STEM education,"No projeto PLTL (aprendizagem de equipe liderada por um), estudantes  se reúnem semanalmente para trabalhar com um líder e resolver problemas, esse líder é um estudante que já completou os seus estudos e recebeu formação para trabalhar com facilitação de grupos e aprendizagem colaborativa.",True,Aprendizagem Baseada em Projetos,,,,n/a,zOutros,,,,,Ensino Superior,,,Estados Unidos da América.,zOutros,,
Developing 22nd century skills through the integration of STEAM into smoke absorber project,Foi proposto para alunos a realização da montagem de um dispositivo que pode sugar fumaça e filtrá-la com o princípio da absorção. No processo de montagem cada um dos aspectos da STEAM foram trabalhados.,True,Aprendizagem Baseada em Projetos,Cultura Maker,,,"laptop, celular, projetor e powerpoint.",Aritmética,Geometria,Grandezas e Medidas,,,Ensino Médio,,,Indonésia.,Sala de Aula Convencional,zOutros,
STEAM-based interventions in computer science: Understanding feedback loops in the classroom,"O estudo foi realizado com o objetivo de alinhar Ciência da Computação com a STEAM e ensinar aos alunos a programação com base na música, fazendo remixagem através do código implementado na ferramenta para web EarSketch.",True,Pensamento Computacional,,,,"Computador, EarSketch.",zNão se Aplica,,,,,Ensino Médio,,,Estados Unidos da América.,Laboratório de Informática,Sala de Aula Convencional,
Understanding the role of arts and humanities in social robotics design: An experiment for STEAM enrichment program in Thailand,"Os alunos participaram de oficinas com várias atividades de enriquecimento (técnicas e não técnicas) foram implementadas para os estudantes, incluindo uma viagem de campo
a um sítio arqueológico, assistindo a apresentações de artes tradicionais
e interagindo com os artistas, mini-workshops sobre o teatro
atuação, apresentação e discussão sobre biologia humana, música
e emoção, projeto de circuitos elétricos e fabricação de robôs. Os estudantes p tiveram 48 horas para projetar e construir a
robô social a partir do zero com requisitos 1) O robô
deve ser capaz de comunicar 6 emoções humanas básicas (ou seja
raiva, repugnância, medo, felicidade, tristeza e surpresa; Ekman,
1992) com o hardware dado durante o protótipo rápido
oficina e depois deveriam demonstrar aos juízes, caso o juiz acerte o sentimento o grupo ganharia ponto.",True,Aprendizagem Baseada em Projetos,Pensamento Computacional,Robótica,,"Arduino placa de código aberto e placa de proteção de robô JSTP 19 que é
especificamente projetado para permitir conexões a partir de 4 servo RC
motores, 1 alto-falante, 1 interruptor, e 1 led RGB",Grandezas e Medidas,Números,,,,Ensino Extra Curricular (Não-Formal),,,Tailândia.,zOutros,,
"The effect of Science, technology, engineering and mathematics (STEM) project based learning (PBL) on students' Achievement in four mathematics topics","Experiência do que chamou Aprendizagem Baseada em Problemas STEM (ABP STEM) para compressão de quatro áreas temáticas de matemáticas (álgebra, geometria, probabilidade e resolução de problemas) no Ensino Médio. Numa das aulas os alunos produziram uma maquete de sistema de irrigação.",True,Aprendizagem Baseada em Projetos,,,,Banheira de plástico; Estrutura para representar a casa (uma casa construída com Legos funciona muito bem); Recipientes de água de vários tamanhos e formas; Pistola de cola quente para proteger a casa e os recipientes de água na caixa de plástico; Papel gráficoLápis de cor e / ou marcadores; Fita adesiva; Cortadores de tubos; Cachimbo cola; Acessórios para tubos de PVC...,Álgebra,Geometria,Probabilidade,zOutros,,Ensino Médio,,,Estados Unidos da América.,Sala de Aula Convencional,,
Robotics in the early childhood classroom: learning outcomes from an 8-week robotics curriculum in pre-kindergarten through second grade,"Durante 8 semanas, quatro salas de aula (creche, jardim de infância, primeira ano, segunda ano) completou um curso introdutório de robótica e programação. Com o intuito de acrescentar na aprendizagem das crianças o 'T' (Tecnologia) e 'E' (Engenharia) do STEAM de forma lúdica, podendo até desenvolver outras partes como a Matemática. As aulas foram feitas uma vez por semana e com 1 hora de duração aproximadamente. Com a participação dos professores na sala de aula, ajudando com a instrução de conceitos de robótica do estudo.",True,Robótica,,,,"Kit de robótica KIWI, Linguagem de programação CHERP.",Geometria,Números,,,,"Educação Infantil, Ensino Fundamental",,,Estados Unidos da América.,Sala de Aula Convencional,,
Developing design principles for game-related design thinking activities,"A prática relata resultados da aplicação do projeto de intervenção em grande escala GBL21 (Game-Based Learning in the 21st Century), tal projeto consistem na aplicação de atividades de criação de projetos baseados em jogos (analógicos ou digitais)",True,Aprendizagem Baseada em Projetos,Designer Thinking,zOutros,,"Scratch, jogos digitais e computadores",Geometria,,,,,Ensino Fundamental,,,Dinamarca,Sala de Aula Convencional,zOutros,
Building arduino-based tangible serious games for elementary mathematics and physics,"Os desenvolvedores aparentemente não trabalharam com práticas com alunos, apenas criaram o método para desenvolver a matemática com os alunos dos anos iniciais do ensino fundamental, com dois tipos de projetos com arduino e um jogo que possibilitam aos alunos se desenvolverem em grupos, tendo o primeiro como base a música e o segundo usando o estudo de geometria. Não foi desenvolvido na perspectiva STEAM, por mais que tenha algumas semelhanças.",True,Aprendizagem Baseada em Projetos,Robótica,,,"Arduino, Jogo.",Geometria,,,,,Ensino Fundamental,,,Itália.,zOutros,,
The role of probability in developing learners' models of simulation approaches to inference,"Experiências em curso, voltado para pós-graduandos, para lidar com situações estatísticas e probabilidade a partir de situações simuladas.",True,zOutros,,,,"Statkey (http://lock5stat.com/statkey/), um applet disponível como parte do Rossman / Chance Coleção de Applet (http://www.rossmanchance.com/applets/OneProp/OneProp.htm), e em TinkerPlots",Estatística,Probabilidade,,,,Ensino Superior,,,Estados Unidos da América.,Online/Virtual,,
"Assessing the efficacy of K-12 engineering outreach ""Pick up and go"" kits","A pratica consistiu na distribuição de kits de engenharia para os alunos, além de manuais, guias, material de apresentação e outros conteúdos. A partir desses kits os alunos tinham um conjunto de desafios que eles deveriam concluir com o material disponibilizado.",True,Aprendizagem Baseada em Projetos,Cultura Maker,Robótica,,"Kahoot, Kits de Engenharia",zOutros,,,,,Ensino Fundamental,,,Estados Unidos da América.,Maker Space,zOutros,
Think3d!: Improving mathematics learning through embodied spatial training,"Os alunos em escolas primárias rurais completaram avaliações espaciais e matemáticas antes e depois de participar de um programa baseado em engenharia de origami e papel pop-up, chamado Thinked !. Thined! usa tarefas incorporadas, como dobrar e cortar papel, para treinar o pensamento espacial bidimensional para tridimensional.",True,Aprendizagem Baseada em Projetos,Cultura Maker,,,Papel para ORIGAMIS,Geometria,Trigonometria,,,,Ensino Fundamental,,,Estados Unidos da América.,Sala de Aula Convencional,,
Designing online learning environments for flipped approaches in professional mathematics teacher development,"Foi realizado o desenvolvimento de um OLE (Online Learning Environment) baseado em sala de aula invertida para matemática junto a professores, para a análise de elementos sobre tais ambientes de aprendizagem.",True,Sala de Aula Invertida,,,,OLEs.,zNão se Aplica,,,,,,,,Majoritariamente Áustria.,zOutros,,
SENA Tecnoacademia Risaralda and Caldas as a collaborative learning scenario in robotics,"A experiência foi através de um workshop com 10 sessões com 4 horas em cada. Inicialmente os alunos fizeram os protótipos com papelão e após, com o kit LEGO, sempre na vertente do Designer Thinking. Foi dividido em dois cursos com 20 alunos em cada, totalizando 5 turmas por curso. Passando por fases como Descoberta, Interpretação, Ideia, Experimentação e evolução, tendo disponibilizado 20 materiais de baixo custos como papelão, papel, corda entre outros.",True,Designer Thinking,Robótica,,,"Robo cs, kits LEGO MINDSTORM EV3.",zNão se Aplica,,,,,Ensino Médio,,,Colômbia.,zOutros,,
STEAMing the ships for the great voyage: Design and evaluation of a technology-integrated maker game,"O curso levou 32 horas por aula e foi dividido em três partes: a explicação básica do projeto, a aprendizagem dos subprojetos e a realização do projeto. Onde os alunos tinham que levantar problemáticas hipotética com relação a iluminação a serem discutidas e resolvidas com base na aplicação das luzes LED com o dispositivo de hardware,",True,Cultura Maker,zOutros,,,"Raspberry Pi, luzes LED RGB e smartphones.",zNão se Aplica,,,,,Ensino Médio,,,China.,Sala de Aula Convencional,,
The design and evaluation of a STEM interdisciplinary game-based learning about the great voyage,"Curso de verão com alunos de 8 a 11 anos de idade baseada na aprendizagem baseada em jogos e gamificação em que se desenvolveu um jogo interdisciplinar STEM Port com robótica educacional. Os alunos aprenderam programação em blocos, controlaram robôs, aprenderam astronomia para definir direções sem bússola e a história da Era do Descobrimento. A experiência é realizada em 21 horas, com a descrição de cada atividade e o tempo necessário.",True,Pensamento Computacional,Robótica,zOutros,,"Programação em blocos, robótica, game, mapa impresso.",Aritmética,Geometria,Grandezas e Medidas,Números,,,,,China (Taiwan),Sala de Aula Convencional,zOutros,
Investigating the potential of the flipped classroom model in K-12 ICT teaching and learning: An action research study,"Ensino a Distancia( Como ensino a distancia pode facilitar no aprendizado da matemática, ciências e tecnologias).",True,Pensamento Computacional,Sala de Aula Invertida,,,Computador,Álgebra,zOutros,,,,"Ensino Fundamental, Ensino Médio",,,,Online/Virtual,,
Creating the fleet maker: Lessons learned from the first series of workshops on maker concepts for active duty personnel,"Um Workshop realizado com oficiais da U.S. Navy que consiste no ensino (hands-on) de design, engenharia reversa, impressão 3D,
e efeitos de camadas em peças impressas em 3D por meio de seis módulos no workshop de dois dias.",True,zOutros,,,,Impressora 3D e iPads.,zOutros,,,,,zOutros,,,Estados Unidos da América.,zOutros,,
Enhancing High-School Students' Computational Thinking with Educational Robotics Learning,"Foi desenvolvida a partir de um Workshop de três dias com alunos do ensino médio. Através de oficinas divididas em oito fases durante 6 horas por dia. Os alunos aprendiam a manipular os robôs e a programa-los para no final da oficina, realizarem um jogo consistindo em uma batalha dos robôs criados pela esquipes de alunos. Estimulando a resolução de problemas e o pensamento lógico, usando conceitos de Papert.",True,Pensamento Computacional,Robótica,,,"Computador, mBot e mBlock (Kit de Robótica Educacional).",Geometria,,,,,Ensino Médio,,,Tailândia.,Laboratório de Informática,,
Exploring the Learning Effectiveness of 'The STEAM Education of Flying and Assembly of Drone',"Durante uma oficina para alunos do ensino fundamental e médio, foi desenvolvido atividades com drones dividido cinco módulos totalizando 12 horas. Os métodos utilidades com a aprendizagem STEAM foram Aprendizagem Baseada em Problemas, Aprendizagem Orientada para a Pratica, Aprendizagem Baseada em Problemas por meio de Tarefas e Tarefas interdisciplinares.",True,Aprendizagem Baseada em Projetos,zOutros,,,"Drones, Computador.",zOutros,,,,,"Ensino Fundamental, Ensino Médio",,,Taiwan,Aula de Campo,Laboratório de Informática,
Computer mathematics games and conditions for enhancing young children's learning of number sense,Estudantes de educação infantil (pre-k) participaram da experiência utilizando jogos de digitais de computador para o aprendizado do significado (sentido) de números.,True,zOutros,,,,Jogos digitais de computador.,Números,,,,,Educação Infantil,,,Estados Unidos da América.,,,
On the importance of backstage activities for engaging children in a FabLab,"houve dois tipos de experimentos. Um deles consistiu em workshops realizados durante 6 meses em FabLabs, como 28 tipos diferentes de prática e dispositivos, ainda podendo fazer de acordo com a solicitação da escola a depender do currículo escolar. A proposta era desenvolver a STEAM nas crianças com elas participando de projetos enquanto se divertiam aprendendo.",True,Cultura Maker,,,,LittleBits.,zNão se Aplica,,,,,zNão se Aplica,,,Bélgica,Maker Space,,
Augmented Reality and Mobile Devices as Tools to Enhance Spatial Vision in Graphic Representations,"O artigo descreve a criação de uma ferramenta para scannear QR e criar modelos 3D de objetos em dispositivos Android para a melhor visualização, disponibilizando um site para treinar os alunos e dar suporte a ferramenta, sendo proposto inicialmente para alunos de Engenharia Industrial. Mas o artigo apenas focou nos passos realizados para a construção da mesma, sem realizar uma prática com os alunos.",True,m-Learning (Dispositivos Móveis),Realidade Aumentada,,,"Dispositivos Móveis, ARTID, Blender, Unity, Web.",zNão se Aplica,,,,,Ensino Superior,,,Espanha,Sala de Aula Convencional,,